journal_no,line_no,entry_date,branch_code,account,description,debit_amt,credit_amt
JE-00001,1,2026-01-01,RL-BRI,1010,Opening balance,180000.0,0
JE-00001,2,2026-01-01,RL-BRI,1100,Opening balance,240000.0,0
JE-00001,3,2026-01-01,RL-BRI,1200,Opening balance,430000.0,0
JE-00001,4,2026-01-01,RL-BRI,2000,Opening balance,0,210000.0
JE-00001,5,2026-01-01,RL-BRI,3900,Opening balance,0,640000.0
JE-00002,1,2026-01-01,RL-KPT,1010,Opening balance,135000.0,0
JE-00002,2,2026-01-01,RL-KPT,1100,Opening balance,180000.0,0
JE-00002,3,2026-01-01,RL-KPT,1200,Opening balance,322500.0,0
JE-00002,4,2026-01-01,RL-KPT,2000,Opening balance,0,157500.0
JE-00002,5,2026-01-01,RL-KPT,3900,Opening balance,0,480000.0
JE-00003,1,2026-01-01,RL-JCB,1010,Opening balance,99000.0,0
JE-00003,2,2026-01-01,RL-JCB,1100,Opening balance,132000.0,0
JE-00003,3,2026-01-01,RL-JCB,1200,Opening balance,236500.0,0
JE-00003,4,2026-01-01,RL-JCB,2000,Opening balance,0,115500.0
JE-00003,5,2026-01-01,RL-JCB,3900,Opening balance,0,352000.0
JE-00004,1,2026-01-31,RL-BRI,1100,Sales accrual January,2854.81,0
JE-00004,2,2026-01-31,RL-BRI,4000,Sales accrual January,0,2811.99
JE-00004,3,2026-01-31,RL-BRI,4010,Freight recovered January,0,42.82
JE-00004,4,2026-01-31,RL-BRI,5000,COGS January,2166.05,0
JE-00004,5,2026-01-31,RL-BRI,1200,COGS relief January,0,2166.05
JE-00004,6,2026-01-31,RL-BRI,1010,Customer collections January,2426.59,0
JE-00004,7,2026-01-31,RL-BRI,1100,Customer collections January,0,2426.59
JE-00004,8,2026-01-31,RL-BRI,1200,Inventory receipts January,798.41,0
JE-00004,9,2026-01-31,RL-BRI,2000,Inventory receipts January,0,798.41
JE-00004,10,2026-01-31,RL-BRI,2000,Vendor payments January,718.57,0
JE-00004,11,2026-01-31,RL-BRI,1010,Vendor payments January,0,718.57
JE-00004,12,2026-01-31,RL-BRI,6100,Payroll January,52000.0,0
JE-00004,13,2026-01-31,RL-BRI,1010,Payroll January,0,52000.0
JE-00004,14,2026-01-31,RL-BRI,6200,Rent January,9500.0,0
JE-00004,15,2026-01-31,RL-BRI,1010,Rent January,0,9500.0
JE-00004,16,2026-01-31,RL-BRI,6300,Utilities January,3800.0,0
JE-00004,17,2026-01-31,RL-BRI,1010,Utilities January,0,3800.0
JE-00004,18,2026-01-31,RL-BRI,6500,Supplies January,2100.0,0
JE-00004,19,2026-01-31,RL-BRI,1010,Supplies January,0,2100.0
JE-00004,20,2026-01-31,RL-BRI,6900,Distributions January,30000.0,0
JE-00004,21,2026-01-31,RL-BRI,1010,Distributions January,0,30000.0
JE-00005,1,2026-01-31,RL-KPT,1100,Sales accrual January,1572.19,0
JE-00005,2,2026-01-31,RL-KPT,4000,Sales accrual January,0,1548.6
JE-00005,3,2026-01-31,RL-KPT,4010,Freight recovered January,0,23.58
JE-00005,4,2026-01-31,RL-KPT,5000,COGS January,1217.86,0
JE-00005,5,2026-01-31,RL-KPT,1200,COGS relief January,0,1217.86
JE-00005,6,2026-01-31,RL-KPT,1010,Customer collections January,1336.36,0
JE-00005,7,2026-01-31,RL-KPT,1100,Customer collections January,0,1336.36
JE-00005,8,2026-01-31,RL-KPT,1200,Inventory receipts January,2341.69,0
JE-00005,9,2026-01-31,RL-KPT,2000,Inventory receipts January,0,2341.69
JE-00005,10,2026-01-31,RL-KPT,2000,Vendor payments January,2107.52,0
JE-00005,11,2026-01-31,RL-KPT,1010,Vendor payments January,0,2107.52
JE-00005,12,2026-01-31,RL-KPT,6100,Payroll January,39000.0,0
JE-00005,13,2026-01-31,RL-KPT,1010,Payroll January,0,39000.0
JE-00005,14,2026-01-31,RL-KPT,6200,Rent January,7125.0,0
JE-00005,15,2026-01-31,RL-KPT,1010,Rent January,0,7125.0
JE-00005,16,2026-01-31,RL-KPT,6300,Utilities January,2850.0,0
JE-00005,17,2026-01-31,RL-KPT,1010,Utilities January,0,2850.0
JE-00005,18,2026-01-31,RL-KPT,6500,Supplies January,1575.0,0
JE-00005,19,2026-01-31,RL-KPT,1010,Supplies January,0,1575.0
JE-00005,20,2026-01-31,RL-KPT,6900,Distributions January,22500.0,0
JE-00005,21,2026-01-31,RL-KPT,1010,Distributions January,0,22500.0
JE-00006,1,2026-01-31,RL-JCB,1100,Sales accrual January,1442.99,0
JE-00006,2,2026-01-31,RL-JCB,4000,Sales accrual January,0,1421.34
JE-00006,3,2026-01-31,RL-JCB,4010,Freight recovered January,0,21.64
JE-00006,4,2026-01-31,RL-JCB,5000,COGS January,1057.28,0
JE-00006,5,2026-01-31,RL-JCB,1200,COGS relief January,0,1057.28
JE-00006,6,2026-01-31,RL-JCB,1010,Customer collections January,1226.54,0
JE-00006,7,2026-01-31,RL-JCB,1100,Customer collections January,0,1226.54
JE-00006,8,2026-01-31,RL-JCB,1200,Inventory receipts January,1601.74,0
JE-00006,9,2026-01-31,RL-JCB,2000,Inventory receipts January,0,1601.74
JE-00006,10,2026-01-31,RL-JCB,2000,Vendor payments January,1441.57,0
JE-00006,11,2026-01-31,RL-JCB,1010,Vendor payments January,0,1441.57
JE-00006,12,2026-01-31,RL-JCB,6100,Payroll January,28600.0,0
JE-00006,13,2026-01-31,RL-JCB,1010,Payroll January,0,28600.0
JE-00006,14,2026-01-31,RL-JCB,6200,Rent January,5225.0,0
JE-00006,15,2026-01-31,RL-JCB,1010,Rent January,0,5225.0
JE-00006,16,2026-01-31,RL-JCB,6300,Utilities January,2090.0,0
JE-00006,17,2026-01-31,RL-JCB,1010,Utilities January,0,2090.0
JE-00006,18,2026-01-31,RL-JCB,6500,Supplies January,1155.0,0
JE-00006,19,2026-01-31,RL-JCB,1010,Supplies January,0,1155.0
JE-00006,20,2026-01-31,RL-JCB,6900,Distributions January,16500.0,0
JE-00006,21,2026-01-31,RL-JCB,1010,Distributions January,0,16500.0
JE-00007,1,2026-02-28,RL-BRI,1100,Sales accrual February,4305.19,0
JE-00007,2,2026-02-28,RL-BRI,4000,Sales accrual February,0,4240.61
JE-00007,3,2026-02-28,RL-BRI,4010,Freight recovered February,0,64.58
JE-00007,4,2026-02-28,RL-BRI,5000,COGS February,3228.45,0
JE-00007,5,2026-02-28,RL-BRI,1200,COGS relief February,0,3228.45
JE-00007,6,2026-02-28,RL-BRI,1010,Customer collections February,3659.41,0
JE-00007,7,2026-02-28,RL-BRI,1100,Customer collections February,0,3659.41
JE-00007,8,2026-02-28,RL-BRI,1200,Inventory receipts February,2704.37,0
JE-00007,9,2026-02-28,RL-BRI,2000,Inventory receipts February,0,2704.37
JE-00007,10,2026-02-28,RL-BRI,2000,Vendor payments February,2433.93,0
JE-00007,11,2026-02-28,RL-BRI,1010,Vendor payments February,0,2433.93
JE-00007,12,2026-02-28,RL-BRI,6100,Payroll February,52000.0,0
JE-00007,13,2026-02-28,RL-BRI,1010,Payroll February,0,52000.0
JE-00007,14,2026-02-28,RL-BRI,6200,Rent February,9500.0,0
JE-00007,15,2026-02-28,RL-BRI,1010,Rent February,0,9500.0
JE-00007,16,2026-02-28,RL-BRI,6300,Utilities February,3800.0,0
JE-00007,17,2026-02-28,RL-BRI,1010,Utilities February,0,3800.0
JE-00007,18,2026-02-28,RL-BRI,6500,Supplies February,2100.0,0
JE-00007,19,2026-02-28,RL-BRI,1010,Supplies February,0,2100.0
JE-00007,20,2026-02-28,RL-BRI,6900,Distributions February,30000.0,0
JE-00007,21,2026-02-28,RL-BRI,1010,Distributions February,0,30000.0
JE-00008,1,2026-02-28,RL-KPT,1100,Sales accrual February,2843.3,0
JE-00008,2,2026-02-28,RL-KPT,4000,Sales accrual February,0,2800.65
JE-00008,3,2026-02-28,RL-KPT,4010,Freight recovered February,0,42.65
JE-00008,4,2026-02-28,RL-KPT,5000,COGS February,2126.78,0
JE-00008,5,2026-02-28,RL-KPT,1200,COGS relief February,0,2126.78
JE-00008,6,2026-02-28,RL-KPT,1010,Customer collections February,2416.81,0
JE-00008,7,2026-02-28,RL-KPT,1100,Customer collections February,0,2416.81
JE-00008,8,2026-02-28,RL-KPT,1200,Inventory receipts February,367.69,0
JE-00008,9,2026-02-28,RL-KPT,2000,Inventory receipts February,0,367.69
JE-00008,10,2026-02-28,RL-KPT,2000,Vendor payments February,330.92,0
JE-00008,11,2026-02-28,RL-KPT,1010,Vendor payments February,0,330.92
JE-00008,12,2026-02-28,RL-KPT,6100,Payroll February,39000.0,0
JE-00008,13,2026-02-28,RL-KPT,1010,Payroll February,0,39000.0
JE-00008,14,2026-02-28,RL-KPT,6200,Rent February,7125.0,0
JE-00008,15,2026-02-28,RL-KPT,1010,Rent February,0,7125.0
JE-00008,16,2026-02-28,RL-KPT,6300,Utilities February,2850.0,0
JE-00008,17,2026-02-28,RL-KPT,1010,Utilities February,0,2850.0
JE-00008,18,2026-02-28,RL-KPT,6500,Supplies February,1575.0,0
JE-00008,19,2026-02-28,RL-KPT,1010,Supplies February,0,1575.0
JE-00008,20,2026-02-28,RL-KPT,6900,Distributions February,22500.0,0
JE-00008,21,2026-02-28,RL-KPT,1010,Distributions February,0,22500.0
JE-00009,1,2026-02-28,RL-JCB,1100,Sales accrual February,1304.64,0
JE-00009,2,2026-02-28,RL-JCB,4000,Sales accrual February,0,1285.07
JE-00009,3,2026-02-28,RL-JCB,4010,Freight recovered February,0,19.57
JE-00009,4,2026-02-28,RL-JCB,5000,COGS February,963.26,0
JE-00009,5,2026-02-28,RL-JCB,1200,COGS relief February,0,963.26
JE-00009,6,2026-02-28,RL-JCB,1010,Customer collections February,1108.94,0
JE-00009,7,2026-02-28,RL-JCB,1100,Customer collections February,0,1108.94
JE-00009,8,2026-02-28,RL-JCB,1200,Inventory receipts February,990.66,0
JE-00009,9,2026-02-28,RL-JCB,2000,Inventory receipts February,0,990.66
JE-00009,10,2026-02-28,RL-JCB,2000,Vendor payments February,891.59,0
JE-00009,11,2026-02-28,RL-JCB,1010,Vendor payments February,0,891.59
JE-00009,12,2026-02-28,RL-JCB,6100,Payroll February,28600.0,0
JE-00009,13,2026-02-28,RL-JCB,1010,Payroll February,0,28600.0
JE-00009,14,2026-02-28,RL-JCB,6200,Rent February,5225.0,0
JE-00009,15,2026-02-28,RL-JCB,1010,Rent February,0,5225.0
JE-00009,16,2026-02-28,RL-JCB,6300,Utilities February,2090.0,0
JE-00009,17,2026-02-28,RL-JCB,1010,Utilities February,0,2090.0
JE-00009,18,2026-02-28,RL-JCB,6500,Supplies February,1155.0,0
JE-00009,19,2026-02-28,RL-JCB,1010,Supplies February,0,1155.0
JE-00009,20,2026-02-28,RL-JCB,6900,Distributions February,16500.0,0
JE-00009,21,2026-02-28,RL-JCB,1010,Distributions February,0,16500.0
JE-00010,1,2026-03-31,RL-BRI,1100,Sales accrual March,6599.37,0
JE-00010,2,2026-03-31,RL-BRI,4000,Sales accrual March,0,6500.38
JE-00010,3,2026-03-31,RL-BRI,4010,Freight recovered March,0,98.99
JE-00010,4,2026-03-31,RL-BRI,5000,COGS March,4872.84,0
JE-00010,5,2026-03-31,RL-BRI,1200,COGS relief March,0,4872.84
JE-00010,6,2026-03-31,RL-BRI,1010,Customer collections March,5609.46,0
JE-00010,7,2026-03-31,RL-BRI,1100,Customer collections March,0,5609.46
JE-00010,8,2026-03-31,RL-BRI,1200,Inventory receipts March,1126.1,0
JE-00010,9,2026-03-31,RL-BRI,2000,Inventory receipts March,0,1126.1
JE-00010,10,2026-03-31,RL-BRI,2000,Vendor payments March,1013.49,0
JE-00010,11,2026-03-31,RL-BRI,1010,Vendor payments March,0,1013.49
JE-00010,12,2026-03-31,RL-BRI,6100,Payroll March,52000.0,0
JE-00010,13,2026-03-31,RL-BRI,1010,Payroll March,0,52000.0
JE-00010,14,2026-03-31,RL-BRI,6200,Rent March,9500.0,0
JE-00010,15,2026-03-31,RL-BRI,1010,Rent March,0,9500.0
JE-00010,16,2026-03-31,RL-BRI,6300,Utilities March,3800.0,0
JE-00010,17,2026-03-31,RL-BRI,1010,Utilities March,0,3800.0
JE-00010,18,2026-03-31,RL-BRI,6500,Supplies March,2100.0,0
JE-00010,19,2026-03-31,RL-BRI,1010,Supplies March,0,2100.0
JE-00010,20,2026-03-31,RL-BRI,6900,Distributions March,30000.0,0
JE-00010,21,2026-03-31,RL-BRI,1010,Distributions March,0,30000.0
JE-00011,1,2026-03-31,RL-BRI,6400,Insurance premium March,7400.0,0
JE-00011,2,2026-03-31,RL-BRI,1010,Insurance premium March,0,7400.0
JE-00012,1,2026-03-31,RL-KPT,1100,Sales accrual March,2926.12,0
JE-00012,2,2026-03-31,RL-KPT,4000,Sales accrual March,0,2882.23
JE-00012,3,2026-03-31,RL-KPT,4010,Freight recovered March,0,43.89
JE-00012,4,2026-03-31,RL-KPT,5000,COGS March,2159.5,0
JE-00012,5,2026-03-31,RL-KPT,1200,COGS relief March,0,2159.5
JE-00012,6,2026-03-31,RL-KPT,1010,Customer collections March,2487.2,0
JE-00012,7,2026-03-31,RL-KPT,1100,Customer collections March,0,2487.2
JE-00012,8,2026-03-31,RL-KPT,1200,Inventory receipts March,393.24,0
JE-00012,9,2026-03-31,RL-KPT,2000,Inventory receipts March,0,393.24
JE-00012,10,2026-03-31,RL-KPT,2000,Vendor payments March,353.92,0
JE-00012,11,2026-03-31,RL-KPT,1010,Vendor payments March,0,353.92
JE-00012,12,2026-03-31,RL-KPT,6100,Payroll March,39000.0,0
JE-00012,13,2026-03-31,RL-KPT,1010,Payroll March,0,39000.0
JE-00012,14,2026-03-31,RL-KPT,6200,Rent March,7125.0,0
JE-00012,15,2026-03-31,RL-KPT,1010,Rent March,0,7125.0
JE-00012,16,2026-03-31,RL-KPT,6300,Utilities March,2850.0,0
JE-00012,17,2026-03-31,RL-KPT,1010,Utilities March,0,2850.0
JE-00012,18,2026-03-31,RL-KPT,6500,Supplies March,1575.0,0
JE-00012,19,2026-03-31,RL-KPT,1010,Supplies March,0,1575.0
JE-00012,20,2026-03-31,RL-KPT,6900,Distributions March,22500.0,0
JE-00012,21,2026-03-31,RL-KPT,1010,Distributions March,0,22500.0
JE-00013,1,2026-03-31,RL-KPT,6400,Insurance premium March,5550.0,0
JE-00013,2,2026-03-31,RL-KPT,1010,Insurance premium March,0,5550.0
JE-00014,1,2026-03-31,RL-JCB,1100,Sales accrual March,1237.14,0
JE-00014,2,2026-03-31,RL-JCB,4000,Sales accrual March,0,1218.58
JE-00014,3,2026-03-31,RL-JCB,4010,Freight recovered March,0,18.56
JE-00014,4,2026-03-31,RL-JCB,5000,COGS March,948.99,0
JE-00014,5,2026-03-31,RL-JCB,1200,COGS relief March,0,948.99
JE-00014,6,2026-03-31,RL-JCB,1010,Customer collections March,1051.57,0
JE-00014,7,2026-03-31,RL-JCB,1100,Customer collections March,0,1051.57
JE-00014,8,2026-03-31,RL-JCB,1200,Inventory receipts March,345.68,0
JE-00014,9,2026-03-31,RL-JCB,2000,Inventory receipts March,0,345.68
JE-00014,10,2026-03-31,RL-JCB,2000,Vendor payments March,311.11,0
JE-00014,11,2026-03-31,RL-JCB,1010,Vendor payments March,0,311.11
JE-00014,12,2026-03-31,RL-JCB,6100,Payroll March,28600.0,0
JE-00014,13,2026-03-31,RL-JCB,1010,Payroll March,0,28600.0
JE-00014,14,2026-03-31,RL-JCB,6200,Rent March,5225.0,0
JE-00014,15,2026-03-31,RL-JCB,1010,Rent March,0,5225.0
JE-00014,16,2026-03-31,RL-JCB,6300,Utilities March,2090.0,0
JE-00014,17,2026-03-31,RL-JCB,1010,Utilities March,0,2090.0
JE-00014,18,2026-03-31,RL-JCB,6500,Supplies March,1155.0,0
JE-00014,19,2026-03-31,RL-JCB,1010,Supplies March,0,1155.0
JE-00014,20,2026-03-31,RL-JCB,6900,Distributions March,16500.0,0
JE-00014,21,2026-03-31,RL-JCB,1010,Distributions March,0,16500.0
JE-00015,1,2026-03-31,RL-JCB,6400,Insurance premium March,4070.0,0
JE-00015,2,2026-03-31,RL-JCB,1010,Insurance premium March,0,4070.0
JE-00016,1,2026-04-30,RL-BRI,1100,Sales accrual April,3455.85,0
JE-00016,2,2026-04-30,RL-BRI,4000,Sales accrual April,0,3404.01
JE-00016,3,2026-04-30,RL-BRI,4010,Freight recovered April,0,51.84
JE-00016,4,2026-04-30,RL-BRI,5000,COGS April,2535.87,0
JE-00016,5,2026-04-30,RL-BRI,1200,COGS relief April,0,2535.87
JE-00016,6,2026-04-30,RL-BRI,1010,Customer collections April,2937.47,0
JE-00016,7,2026-04-30,RL-BRI,1100,Customer collections April,0,2937.47
JE-00016,8,2026-04-30,RL-BRI,1200,Inventory receipts April,960.12,0
JE-00016,9,2026-04-30,RL-BRI,2000,Inventory receipts April,0,960.12
JE-00016,10,2026-04-30,RL-BRI,2000,Vendor payments April,864.11,0
JE-00016,11,2026-04-30,RL-BRI,1010,Vendor payments April,0,864.11
JE-00016,12,2026-04-30,RL-BRI,6100,Payroll April,52000.0,0
JE-00016,13,2026-04-30,RL-BRI,1010,Payroll April,0,52000.0
JE-00016,14,2026-04-30,RL-BRI,6200,Rent April,9500.0,0
JE-00016,15,2026-04-30,RL-BRI,1010,Rent April,0,9500.0
JE-00016,16,2026-04-30,RL-BRI,6300,Utilities April,3800.0,0
JE-00016,17,2026-04-30,RL-BRI,1010,Utilities April,0,3800.0
JE-00016,18,2026-04-30,RL-BRI,6500,Supplies April,2100.0,0
JE-00016,19,2026-04-30,RL-BRI,1010,Supplies April,0,2100.0
JE-00016,20,2026-04-30,RL-BRI,6900,Distributions April,30000.0,0
JE-00016,21,2026-04-30,RL-BRI,1010,Distributions April,0,30000.0
JE-00017,1,2026-04-30,RL-KPT,1100,Sales accrual April,4129.77,0
JE-00017,2,2026-04-30,RL-KPT,4000,Sales accrual April,0,4067.82
JE-00017,3,2026-04-30,RL-KPT,4010,Freight recovered April,0,61.95
JE-00017,4,2026-04-30,RL-KPT,5000,COGS April,3019.51,0
JE-00017,5,2026-04-30,RL-KPT,1200,COGS relief April,0,3019.51
JE-00017,6,2026-04-30,RL-KPT,1010,Customer collections April,3510.31,0
JE-00017,7,2026-04-30,RL-KPT,1100,Customer collections April,0,3510.31
JE-00017,8,2026-04-30,RL-KPT,1200,Inventory receipts April,2684.91,0
JE-00017,9,2026-04-30,RL-KPT,2000,Inventory receipts April,0,2684.91
JE-00017,10,2026-04-30,RL-KPT,2000,Vendor payments April,2416.42,0
JE-00017,11,2026-04-30,RL-KPT,1010,Vendor payments April,0,2416.42
JE-00017,12,2026-04-30,RL-KPT,6100,Payroll April,39000.0,0
JE-00017,13,2026-04-30,RL-KPT,1010,Payroll April,0,39000.0
JE-00017,14,2026-04-30,RL-KPT,6200,Rent April,7125.0,0
JE-00017,15,2026-04-30,RL-KPT,1010,Rent April,0,7125.0
JE-00017,16,2026-04-30,RL-KPT,6300,Utilities April,2850.0,0
JE-00017,17,2026-04-30,RL-KPT,1010,Utilities April,0,2850.0
JE-00017,18,2026-04-30,RL-KPT,6500,Supplies April,1575.0,0
JE-00017,19,2026-04-30,RL-KPT,1010,Supplies April,0,1575.0
JE-00017,20,2026-04-30,RL-KPT,6900,Distributions April,22500.0,0
JE-00017,21,2026-04-30,RL-KPT,1010,Distributions April,0,22500.0
JE-00018,1,2026-04-30,RL-JCB,1100,Sales accrual April,1845.83,0
JE-00018,2,2026-04-30,RL-JCB,4000,Sales accrual April,0,1818.15
JE-00018,3,2026-04-30,RL-JCB,4010,Freight recovered April,0,27.69
JE-00018,4,2026-04-30,RL-JCB,5000,COGS April,1353.75,0
JE-00018,5,2026-04-30,RL-JCB,1200,COGS relief April,0,1353.75
JE-00018,6,2026-04-30,RL-JCB,1010,Customer collections April,1568.96,0
JE-00018,7,2026-04-30,RL-JCB,1100,Customer collections April,0,1568.96
JE-00018,8,2026-04-30,RL-JCB,1200,Inventory receipts April,260.35,0
JE-00018,9,2026-04-30,RL-JCB,2000,Inventory receipts April,0,260.35
JE-00018,10,2026-04-30,RL-JCB,2000,Vendor payments April,234.32,0
JE-00018,11,2026-04-30,RL-JCB,1010,Vendor payments April,0,234.32
JE-00018,12,2026-04-30,RL-JCB,6100,Payroll April,28600.0,0
JE-00018,13,2026-04-30,RL-JCB,1010,Payroll April,0,28600.0
JE-00018,14,2026-04-30,RL-JCB,6200,Rent April,5225.0,0
JE-00018,15,2026-04-30,RL-JCB,1010,Rent April,0,5225.0
JE-00018,16,2026-04-30,RL-JCB,6300,Utilities April,2090.0,0
JE-00018,17,2026-04-30,RL-JCB,1010,Utilities April,0,2090.0
JE-00018,18,2026-04-30,RL-JCB,6500,Supplies April,1155.0,0
JE-00018,19,2026-04-30,RL-JCB,1010,Supplies April,0,1155.0
JE-00018,20,2026-04-30,RL-JCB,6900,Distributions April,16500.0,0
JE-00018,21,2026-04-30,RL-JCB,1010,Distributions April,0,16500.0
JE-00019,1,2026-05-31,RL-BRI,1100,Sales accrual May,6585.49,0
JE-00019,2,2026-05-31,RL-BRI,4000,Sales accrual May,0,6486.71
JE-00019,3,2026-05-31,RL-BRI,4010,Freight recovered May,0,98.78
JE-00019,4,2026-05-31,RL-BRI,5000,COGS May,4966.6,0
JE-00019,5,2026-05-31,RL-BRI,1200,COGS relief May,0,4966.6
JE-00019,6,2026-05-31,RL-BRI,1010,Customer collections May,5597.67,0
JE-00019,7,2026-05-31,RL-BRI,1100,Customer collections May,0,5597.67
JE-00019,8,2026-05-31,RL-BRI,1200,Inventory receipts May,896.04,0
JE-00019,9,2026-05-31,RL-BRI,2000,Inventory receipts May,0,896.04
JE-00019,10,2026-05-31,RL-BRI,2000,Vendor payments May,806.44,0
JE-00019,11,2026-05-31,RL-BRI,1010,Vendor payments May,0,806.44
JE-00019,12,2026-05-31,RL-BRI,6100,Payroll May,52000.0,0
JE-00019,13,2026-05-31,RL-BRI,1010,Payroll May,0,52000.0
JE-00019,14,2026-05-31,RL-BRI,6200,Rent May,9500.0,0
JE-00019,15,2026-05-31,RL-BRI,1010,Rent May,0,9500.0
JE-00019,16,2026-05-31,RL-BRI,6300,Utilities May,3800.0,0
JE-00019,17,2026-05-31,RL-BRI,1010,Utilities May,0,3800.0
JE-00019,18,2026-05-31,RL-BRI,6500,Supplies May,2100.0,0
JE-00019,19,2026-05-31,RL-BRI,1010,Supplies May,0,2100.0
JE-00019,20,2026-05-31,RL-BRI,6900,Distributions May,30000.0,0
JE-00019,21,2026-05-31,RL-BRI,1010,Distributions May,0,30000.0
JE-00020,1,2026-05-31,RL-KPT,1100,Sales accrual May,3981.81,0
JE-00020,2,2026-05-31,RL-KPT,4000,Sales accrual May,0,3922.08
JE-00020,3,2026-05-31,RL-KPT,4010,Freight recovered May,0,59.73
JE-00020,4,2026-05-31,RL-KPT,5000,COGS May,2814.78,0
JE-00020,5,2026-05-31,RL-KPT,1200,COGS relief May,0,2814.78
JE-00020,6,2026-05-31,RL-KPT,1010,Customer collections May,3384.54,0
JE-00020,7,2026-05-31,RL-KPT,1100,Customer collections May,0,3384.54
JE-00020,8,2026-05-31,RL-KPT,1200,Inventory receipts May,2649.08,0
JE-00020,9,2026-05-31,RL-KPT,2000,Inventory receipts May,0,2649.08
JE-00020,10,2026-05-31,RL-KPT,2000,Vendor payments May,2384.17,0
JE-00020,11,2026-05-31,RL-KPT,1010,Vendor payments May,0,2384.17
JE-00020,12,2026-05-31,RL-KPT,6100,Payroll May,39000.0,0
JE-00020,13,2026-05-31,RL-KPT,1010,Payroll May,0,39000.0
JE-00020,14,2026-05-31,RL-KPT,6200,Rent May,7125.0,0
JE-00020,15,2026-05-31,RL-KPT,1010,Rent May,0,7125.0
JE-00020,16,2026-05-31,RL-KPT,6300,Utilities May,2850.0,0
JE-00020,17,2026-05-31,RL-KPT,1010,Utilities May,0,2850.0
JE-00020,18,2026-05-31,RL-KPT,6500,Supplies May,1575.0,0
JE-00020,19,2026-05-31,RL-KPT,1010,Supplies May,0,1575.0
JE-00020,20,2026-05-31,RL-KPT,6900,Distributions May,22500.0,0
JE-00020,21,2026-05-31,RL-KPT,1010,Distributions May,0,22500.0
JE-00021,1,2026-05-31,RL-JCB,1100,Sales accrual May,1286.36,0
JE-00021,2,2026-05-31,RL-JCB,4000,Sales accrual May,0,1267.07
JE-00021,3,2026-05-31,RL-JCB,4010,Freight recovered May,0,19.3
JE-00021,4,2026-05-31,RL-JCB,5000,COGS May,988.01,0
JE-00021,5,2026-05-31,RL-JCB,1200,COGS relief May,0,988.01
JE-00021,6,2026-05-31,RL-JCB,1010,Customer collections May,1093.41,0
JE-00021,7,2026-05-31,RL-JCB,1100,Customer collections May,0,1093.41
JE-00021,8,2026-05-31,RL-JCB,1200,Inventory receipts May,405.05,0
JE-00021,9,2026-05-31,RL-JCB,2000,Inventory receipts May,0,405.05
JE-00021,10,2026-05-31,RL-JCB,2000,Vendor payments May,364.54,0
JE-00021,11,2026-05-31,RL-JCB,1010,Vendor payments May,0,364.54
JE-00021,12,2026-05-31,RL-JCB,6100,Payroll May,28600.0,0
JE-00021,13,2026-05-31,RL-JCB,1010,Payroll May,0,28600.0
JE-00021,14,2026-05-31,RL-JCB,6200,Rent May,5225.0,0
JE-00021,15,2026-05-31,RL-JCB,1010,Rent May,0,5225.0
JE-00021,16,2026-05-31,RL-JCB,6300,Utilities May,2090.0,0
JE-00021,17,2026-05-31,RL-JCB,1010,Utilities May,0,2090.0
JE-00021,18,2026-05-31,RL-JCB,6500,Supplies May,1155.0,0
JE-00021,19,2026-05-31,RL-JCB,1010,Supplies May,0,1155.0
JE-00021,20,2026-05-31,RL-JCB,6900,Distributions May,16500.0,0
JE-00021,21,2026-05-31,RL-JCB,1010,Distributions May,0,16500.0
JE-00022,1,2026-06-30,RL-BRI,1100,Sales accrual June,4387.81,0
JE-00022,2,2026-06-30,RL-BRI,4000,Sales accrual June,0,4321.99
JE-00022,3,2026-06-30,RL-BRI,4010,Freight recovered June,0,65.82
JE-00022,4,2026-06-30,RL-BRI,5000,COGS June,3259.74,0
JE-00022,5,2026-06-30,RL-BRI,1200,COGS relief June,0,3259.74
JE-00022,6,2026-06-30,RL-BRI,1010,Customer collections June,3729.64,0
JE-00022,7,2026-06-30,RL-BRI,1100,Customer collections June,0,3729.64
JE-00022,8,2026-06-30,RL-BRI,1200,Inventory receipts June,1538.37,0
JE-00022,9,2026-06-30,RL-BRI,2000,Inventory receipts June,0,1538.37
JE-00022,10,2026-06-30,RL-BRI,2000,Vendor payments June,1384.53,0
JE-00022,11,2026-06-30,RL-BRI,1010,Vendor payments June,0,1384.53
JE-00022,12,2026-06-30,RL-BRI,6100,Payroll June,52000.0,0
JE-00022,13,2026-06-30,RL-BRI,1010,Payroll June,0,52000.0
JE-00022,14,2026-06-30,RL-BRI,6200,Rent June,9500.0,0
JE-00022,15,2026-06-30,RL-BRI,1010,Rent June,0,9500.0
JE-00022,16,2026-06-30,RL-BRI,6300,Utilities June,3800.0,0
JE-00022,17,2026-06-30,RL-BRI,1010,Utilities June,0,3800.0
JE-00022,18,2026-06-30,RL-BRI,6500,Supplies June,2100.0,0
JE-00022,19,2026-06-30,RL-BRI,1010,Supplies June,0,2100.0
JE-00022,20,2026-06-30,RL-BRI,6900,Distributions June,30000.0,0
JE-00022,21,2026-06-30,RL-BRI,1010,Distributions June,0,30000.0
JE-00023,1,2026-06-30,RL-BRI,6400,Insurance premium June,7400.0,0
JE-00023,2,2026-06-30,RL-BRI,1010,Insurance premium June,0,7400.0
JE-00024,1,2026-06-30,RL-KPT,1100,Sales accrual June,2470.6,0
JE-00024,2,2026-06-30,RL-KPT,4000,Sales accrual June,0,2433.54
JE-00024,3,2026-06-30,RL-KPT,4010,Freight recovered June,0,37.06
JE-00024,4,2026-06-30,RL-KPT,5000,COGS June,1781.88,0
JE-00024,5,2026-06-30,RL-KPT,1200,COGS relief June,0,1781.88
JE-00024,6,2026-06-30,RL-KPT,1010,Customer collections June,2100.01,0
JE-00024,7,2026-06-30,RL-KPT,1100,Customer collections June,0,2100.01
JE-00024,8,2026-06-30,RL-KPT,1200,Inventory receipts June,1083.58,0
JE-00024,9,2026-06-30,RL-KPT,2000,Inventory receipts June,0,1083.58
JE-00024,10,2026-06-30,RL-KPT,2000,Vendor payments June,975.22,0
JE-00024,11,2026-06-30,RL-KPT,1010,Vendor payments June,0,975.22
JE-00024,12,2026-06-30,RL-KPT,6100,Payroll June,39000.0,0
JE-00024,13,2026-06-30,RL-KPT,1010,Payroll June,0,39000.0
JE-00024,14,2026-06-30,RL-KPT,6200,Rent June,7125.0,0
JE-00024,15,2026-06-30,RL-KPT,1010,Rent June,0,7125.0
JE-00024,16,2026-06-30,RL-KPT,6300,Utilities June,2850.0,0
JE-00024,17,2026-06-30,RL-KPT,1010,Utilities June,0,2850.0
JE-00024,18,2026-06-30,RL-KPT,6500,Supplies June,1575.0,0
JE-00024,19,2026-06-30,RL-KPT,1010,Supplies June,0,1575.0
JE-00024,20,2026-06-30,RL-KPT,6900,Distributions June,22500.0,0
JE-00024,21,2026-06-30,RL-KPT,1010,Distributions June,0,22500.0
JE-00025,1,2026-06-30,RL-KPT,6400,Insurance premium June,5550.0,0
JE-00025,2,2026-06-30,RL-KPT,1010,Insurance premium June,0,5550.0
JE-00026,1,2026-06-30,RL-JCB,1100,Sales accrual June,2326.58,0
JE-00026,2,2026-06-30,RL-JCB,4000,Sales accrual June,0,2291.68
JE-00026,3,2026-06-30,RL-JCB,4010,Freight recovered June,0,34.9
JE-00026,4,2026-06-30,RL-JCB,5000,COGS June,1683.01,0
JE-00026,5,2026-06-30,RL-JCB,1200,COGS relief June,0,1683.01
JE-00026,6,2026-06-30,RL-JCB,1010,Customer collections June,1977.59,0
JE-00026,7,2026-06-30,RL-JCB,1100,Customer collections June,0,1977.59
JE-00026,8,2026-06-30,RL-JCB,1200,Inventory receipts June,207.82,0
JE-00026,9,2026-06-30,RL-JCB,2000,Inventory receipts June,0,207.82
JE-00026,10,2026-06-30,RL-JCB,2000,Vendor payments June,187.03,0
JE-00026,11,2026-06-30,RL-JCB,1010,Vendor payments June,0,187.03
JE-00026,12,2026-06-30,RL-JCB,6100,Payroll June,28600.0,0
JE-00026,13,2026-06-30,RL-JCB,1010,Payroll June,0,28600.0
JE-00026,14,2026-06-30,RL-JCB,6200,Rent June,5225.0,0
JE-00026,15,2026-06-30,RL-JCB,1010,Rent June,0,5225.0
JE-00026,16,2026-06-30,RL-JCB,6300,Utilities June,2090.0,0
JE-00026,17,2026-06-30,RL-JCB,1010,Utilities June,0,2090.0
JE-00026,18,2026-06-30,RL-JCB,6500,Supplies June,1155.0,0
JE-00026,19,2026-06-30,RL-JCB,1010,Supplies June,0,1155.0
JE-00026,20,2026-06-30,RL-JCB,6900,Distributions June,16500.0,0
JE-00026,21,2026-06-30,RL-JCB,1010,Distributions June,0,16500.0
JE-00027,1,2026-06-30,RL-JCB,6400,Insurance premium June,4070.0,0
JE-00027,2,2026-06-30,RL-JCB,1010,Insurance premium June,0,4070.0
JE-00028,1,2026-07-31,RL-BRI,1100,Sales accrual July,4792.89,0
JE-00028,2,2026-07-31,RL-BRI,4000,Sales accrual July,0,4721.0
JE-00028,3,2026-07-31,RL-BRI,4010,Freight recovered July,0,71.89
JE-00028,4,2026-07-31,RL-BRI,5000,COGS July,3479.9,0
JE-00028,5,2026-07-31,RL-BRI,1200,COGS relief July,0,3479.9
JE-00028,6,2026-07-31,RL-BRI,1010,Customer collections July,4073.96,0
JE-00028,7,2026-07-31,RL-BRI,1100,Customer collections July,0,4073.96
JE-00028,8,2026-07-31,RL-BRI,1200,Inventory receipts July,4076.22,0
JE-00028,9,2026-07-31,RL-BRI,2000,Inventory receipts July,0,4076.22
JE-00028,10,2026-07-31,RL-BRI,2000,Vendor payments July,3668.6,0
JE-00028,11,2026-07-31,RL-BRI,1010,Vendor payments July,0,3668.6
JE-00028,12,2026-07-31,RL-BRI,6100,Payroll July,52000.0,0
JE-00028,13,2026-07-31,RL-BRI,1010,Payroll July,0,52000.0
JE-00028,14,2026-07-31,RL-BRI,6200,Rent July,9500.0,0
JE-00028,15,2026-07-31,RL-BRI,1010,Rent July,0,9500.0
JE-00028,16,2026-07-31,RL-BRI,6300,Utilities July,3800.0,0
JE-00028,17,2026-07-31,RL-BRI,1010,Utilities July,0,3800.0
JE-00028,18,2026-07-31,RL-BRI,6500,Supplies July,2100.0,0
JE-00028,19,2026-07-31,RL-BRI,1010,Supplies July,0,2100.0
JE-00028,20,2026-07-31,RL-BRI,6900,Distributions July,30000.0,0
JE-00028,21,2026-07-31,RL-BRI,1010,Distributions July,0,30000.0
JE-00029,1,2026-07-31,RL-KPT,1100,Sales accrual July,2161.43,0
JE-00029,2,2026-07-31,RL-KPT,4000,Sales accrual July,0,2129.01
JE-00029,3,2026-07-31,RL-KPT,4010,Freight recovered July,0,32.42
JE-00029,4,2026-07-31,RL-KPT,5000,COGS July,1607.17,0
JE-00029,5,2026-07-31,RL-KPT,1200,COGS relief July,0,1607.17
JE-00029,6,2026-07-31,RL-KPT,1010,Customer collections July,1837.21,0
JE-00029,7,2026-07-31,RL-KPT,1100,Customer collections July,0,1837.21
JE-00029,8,2026-07-31,RL-KPT,1200,Inventory receipts July,1378.95,0
JE-00029,9,2026-07-31,RL-KPT,2000,Inventory receipts July,0,1378.95
JE-00029,10,2026-07-31,RL-KPT,2000,Vendor payments July,1241.06,0
JE-00029,11,2026-07-31,RL-KPT,1010,Vendor payments July,0,1241.06
JE-00029,12,2026-07-31,RL-KPT,6100,Payroll July,39000.0,0
JE-00029,13,2026-07-31,RL-KPT,1010,Payroll July,0,39000.0
JE-00029,14,2026-07-31,RL-KPT,6200,Rent July,7125.0,0
JE-00029,15,2026-07-31,RL-KPT,1010,Rent July,0,7125.0
JE-00029,16,2026-07-31,RL-KPT,6300,Utilities July,2850.0,0
JE-00029,17,2026-07-31,RL-KPT,1010,Utilities July,0,2850.0
JE-00029,18,2026-07-31,RL-KPT,6500,Supplies July,1575.0,0
JE-00029,19,2026-07-31,RL-KPT,1010,Supplies July,0,1575.0
JE-00029,20,2026-07-31,RL-KPT,6900,Distributions July,22500.0,0
JE-00029,21,2026-07-31,RL-KPT,1010,Distributions July,0,22500.0
JE-00030,1,2026-07-31,RL-JCB,1100,Sales accrual July,1912.84,0
JE-00030,2,2026-07-31,RL-JCB,4000,Sales accrual July,0,1884.15
JE-00030,3,2026-07-31,RL-JCB,4010,Freight recovered July,0,28.69
JE-00030,4,2026-07-31,RL-JCB,5000,COGS July,1477.77,0
JE-00030,5,2026-07-31,RL-JCB,1200,COGS relief July,0,1477.77
JE-00030,6,2026-07-31,RL-JCB,1010,Customer collections July,1625.92,0
JE-00030,7,2026-07-31,RL-JCB,1100,Customer collections July,0,1625.92
JE-00030,8,2026-07-31,RL-JCB,1200,Inventory receipts July,844.58,0
JE-00030,9,2026-07-31,RL-JCB,2000,Inventory receipts July,0,844.58
JE-00030,10,2026-07-31,RL-JCB,2000,Vendor payments July,760.12,0
JE-00030,11,2026-07-31,RL-JCB,1010,Vendor payments July,0,760.12
JE-00030,12,2026-07-31,RL-JCB,6100,Payroll July,28600.0,0
JE-00030,13,2026-07-31,RL-JCB,1010,Payroll July,0,28600.0
JE-00030,14,2026-07-31,RL-JCB,6200,Rent July,5225.0,0
JE-00030,15,2026-07-31,RL-JCB,1010,Rent July,0,5225.0
JE-00030,16,2026-07-31,RL-JCB,6300,Utilities July,2090.0,0
JE-00030,17,2026-07-31,RL-JCB,1010,Utilities July,0,2090.0
JE-00030,18,2026-07-31,RL-JCB,6500,Supplies July,1155.0,0
JE-00030,19,2026-07-31,RL-JCB,1010,Supplies July,0,1155.0
JE-00030,20,2026-07-31,RL-JCB,6900,Distributions July,16500.0,0
JE-00030,21,2026-07-31,RL-JCB,1010,Distributions July,0,16500.0
JE-00031,1,2026-08-31,RL-BRI,1100,Sales accrual August,3726.15,0
JE-00031,2,2026-08-31,RL-BRI,4000,Sales accrual August,0,3670.26
JE-00031,3,2026-08-31,RL-BRI,4010,Freight recovered August,0,55.89
JE-00031,4,2026-08-31,RL-BRI,5000,COGS August,2802.28,0
JE-00031,5,2026-08-31,RL-BRI,1200,COGS relief August,0,2802.28
JE-00031,6,2026-08-31,RL-BRI,1010,Customer collections August,3167.23,0
JE-00031,7,2026-08-31,RL-BRI,1100,Customer collections August,0,3167.23
JE-00031,8,2026-08-31,RL-BRI,1200,Inventory receipts August,488.7,0
JE-00031,9,2026-08-31,RL-BRI,2000,Inventory receipts August,0,488.7
JE-00031,10,2026-08-31,RL-BRI,2000,Vendor payments August,439.83,0
JE-00031,11,2026-08-31,RL-BRI,1010,Vendor payments August,0,439.83
JE-00031,12,2026-08-31,RL-BRI,6100,Payroll August,52000.0,0
JE-00031,13,2026-08-31,RL-BRI,1010,Payroll August,0,52000.0
JE-00031,14,2026-08-31,RL-BRI,6200,Rent August,9500.0,0
JE-00031,15,2026-08-31,RL-BRI,1010,Rent August,0,9500.0
JE-00031,16,2026-08-31,RL-BRI,6300,Utilities August,3800.0,0
JE-00031,17,2026-08-31,RL-BRI,1010,Utilities August,0,3800.0
JE-00031,18,2026-08-31,RL-BRI,6500,Supplies August,2100.0,0
JE-00031,19,2026-08-31,RL-BRI,1010,Supplies August,0,2100.0
JE-00031,20,2026-08-31,RL-BRI,6900,Distributions August,30000.0,0
JE-00031,21,2026-08-31,RL-BRI,1010,Distributions August,0,30000.0
JE-00032,1,2026-08-31,RL-KPT,1100,Sales accrual August,1986.59,0
JE-00032,2,2026-08-31,RL-KPT,4000,Sales accrual August,0,1956.79
JE-00032,3,2026-08-31,RL-KPT,4010,Freight recovered August,0,29.8
JE-00032,4,2026-08-31,RL-KPT,5000,COGS August,1495.41,0
JE-00032,5,2026-08-31,RL-KPT,1200,COGS relief August,0,1495.41
JE-00032,6,2026-08-31,RL-KPT,1010,Customer collections August,1688.6,0
JE-00032,7,2026-08-31,RL-KPT,1100,Customer collections August,0,1688.6
JE-00032,8,2026-08-31,RL-KPT,1200,Inventory receipts August,166.58,0
JE-00032,9,2026-08-31,RL-KPT,2000,Inventory receipts August,0,166.58
JE-00032,10,2026-08-31,RL-KPT,2000,Vendor payments August,149.93,0
JE-00032,11,2026-08-31,RL-KPT,1010,Vendor payments August,0,149.93
JE-00032,12,2026-08-31,RL-KPT,6100,Payroll August,39000.0,0
JE-00032,13,2026-08-31,RL-KPT,1010,Payroll August,0,39000.0
JE-00032,14,2026-08-31,RL-KPT,6200,Rent August,7125.0,0
JE-00032,15,2026-08-31,RL-KPT,1010,Rent August,0,7125.0
JE-00032,16,2026-08-31,RL-KPT,6300,Utilities August,2850.0,0
JE-00032,17,2026-08-31,RL-KPT,1010,Utilities August,0,2850.0
JE-00032,18,2026-08-31,RL-KPT,6500,Supplies August,1575.0,0
JE-00032,19,2026-08-31,RL-KPT,1010,Supplies August,0,1575.0
JE-00032,20,2026-08-31,RL-KPT,6900,Distributions August,22500.0,0
JE-00032,21,2026-08-31,RL-KPT,1010,Distributions August,0,22500.0
JE-00033,1,2026-08-31,RL-JCB,1100,Sales accrual August,1396.41,0
JE-00033,2,2026-08-31,RL-JCB,4000,Sales accrual August,0,1375.47
JE-00033,3,2026-08-31,RL-JCB,4010,Freight recovered August,0,20.95
JE-00033,4,2026-08-31,RL-JCB,5000,COGS August,1032.79,0
JE-00033,5,2026-08-31,RL-JCB,1200,COGS relief August,0,1032.79
JE-00033,6,2026-08-31,RL-JCB,1010,Customer collections August,1186.95,0
JE-00033,7,2026-08-31,RL-JCB,1100,Customer collections August,0,1186.95
JE-00033,8,2026-08-31,RL-JCB,1200,Inventory receipts August,870.27,0
JE-00033,9,2026-08-31,RL-JCB,2000,Inventory receipts August,0,870.27
JE-00033,10,2026-08-31,RL-JCB,2000,Vendor payments August,783.24,0
JE-00033,11,2026-08-31,RL-JCB,1010,Vendor payments August,0,783.24
JE-00033,12,2026-08-31,RL-JCB,6100,Payroll August,28600.0,0
JE-00033,13,2026-08-31,RL-JCB,1010,Payroll August,0,28600.0
JE-00033,14,2026-08-31,RL-JCB,6200,Rent August,5225.0,0
JE-00033,15,2026-08-31,RL-JCB,1010,Rent August,0,5225.0
JE-00033,16,2026-08-31,RL-JCB,6300,Utilities August,2090.0,0
JE-00033,17,2026-08-31,RL-JCB,1010,Utilities August,0,2090.0
JE-00033,18,2026-08-31,RL-JCB,6500,Supplies August,1155.0,0
JE-00033,19,2026-08-31,RL-JCB,1010,Supplies August,0,1155.0
JE-00033,20,2026-08-31,RL-JCB,6900,Distributions August,16500.0,0
JE-00033,21,2026-08-31,RL-JCB,1010,Distributions August,0,16500.0
