snapshot_date,branch_code,item_no,on_hand_qty,allocated_qty,on_order_qty,backorder_qty,unit_cost,inventory_value
2026-04-30,RL-BRI,RM-1001,4614,0,0,0,2.86,13196.04
2026-04-30,RL-BRI,RM-1002,2789,0,0,0,4.95,13805.55
2026-04-30,RL-BRI,RM-1003,1729,152,705,250,8.25,14264.25
2026-04-30,RL-BRI,RM-1010,1588,0,259,0,13.50,21438.00
2026-04-30,RL-BRI,RM-1011,1533,155,0,0,17.95,27517.35
2026-04-30,RL-BRI,RM-1020,1315,17,0,114,4.05,5325.75
2026-04-30,RL-BRI,RM-1021,382,0,185,0,28.10,10734.20
2026-04-30,RL-BRI,RM-1022,1938,469,0,0,6.45,12500.10
2026-04-30,RL-BRI,FS-2001,1615,292,235,0,20.60,33269.00
2026-04-30,RL-BRI,FS-2002,985,97,388,0,23.60,23246.00
2026-04-30,RL-BRI,FS-2010,4032,0,0,0,1.33,5362.56
2026-04-30,RL-BRI,FS-2011,286,0,230,13,34.90,9981.40
2026-04-30,RL-BRI,CM-3001,4736,571,1159,0,4.95,23443.20
2026-04-30,RL-BRI,CM-3002,2286,46,0,0,3.90,8915.40
2026-04-30,RL-BRI,CM-3010,758,0,0,0,9.30,7049.40
2026-04-30,RL-BRI,CM-3020,742,0,0,0,10.25,7605.50
2026-04-30,RL-BRI,RF-4001,2371,0,0,0,27.90,66150.90
2026-04-30,RL-BRI,RF-4002,819,0,0,0,37.65,30835.35
2026-04-30,RL-BRI,RF-4010,1179,240,0,0,21.50,25348.50
2026-04-30,RL-BRI,RF-4011,660,161,0,58,78.85,52041.00
2026-04-30,RL-BRI,RF-4020,4798,988,0,0,1.69,8108.62
2026-04-30,RL-BRI,PT-5001,1011,0,0,50,32.20,32554.20
2026-04-30,RL-BRI,PT-5002,812,151,0,0,23.70,19244.40
2026-04-30,RL-BRI,PT-5010,1792,216,0,219,9.05,16217.60
2026-04-30,RL-BRI,PT-5011,1169,238,282,158,13.25,15489.25
2026-04-30,RL-BRI,DW-6001,273,60,0,0,64.10,17499.30
2026-04-30,RL-BRI,DW-6002,203,43,74,9,208.10,42244.30
2026-04-30,RL-BRI,DW-6010,197,4,114,27,224.60,44246.20
2026-04-30,RL-BRI,SX-7001,543,132,0,0,68.05,36951.15
2026-04-30,RL-BRI,SX-7010,2275,101,902,0,10.65,24228.75
2026-04-30,RL-BRI,TL-9001,3273,0,1052,492,4.50,14728.50
2026-04-30,RL-BRI,TL-9002,1629,237,0,0,6.40,10425.60
2026-04-30,RL-KPT,RM-1001,5019,213,2251,478,2.86,14354.34
2026-04-30,RL-KPT,RM-1002,2675,0,0,0,4.95,13241.25
2026-04-30,RL-KPT,RM-1003,577,0,398,0,8.25,4760.25
2026-04-30,RL-KPT,RM-1010,1109,0,0,300,13.50,14971.50
2026-04-30,RL-KPT,RM-1011,1300,0,0,0,17.95,23335.00
2026-04-30,RL-KPT,RM-1020,893,158,0,0,4.05,3616.65
2026-04-30,RL-KPT,RM-1021,219,0,74,0,28.10,6153.90
2026-04-30,RL-KPT,RM-1022,924,18,0,53,6.45,5959.80
2026-04-30,RL-KPT,FS-2001,1005,18,0,0,20.60,20703.00
2026-04-30,RL-KPT,FS-2002,1274,0,0,157,23.60,30066.40
2026-04-30,RL-KPT,FS-2010,5949,0,0,0,1.33,7912.17
2026-04-30,RL-KPT,FS-2011,231,2,60,8,34.90,8061.90
2026-04-30,RL-KPT,CM-3001,3538,165,0,0,4.95,17513.10
2026-04-30,RL-KPT,CM-3002,1113,0,200,0,3.90,4340.70
2026-04-30,RL-KPT,CM-3010,734,58,0,0,9.30,6826.20
2026-04-30,RL-KPT,CM-3020,851,167,0,0,10.25,8722.75
2026-04-30,RL-KPT,RF-4001,2084,0,1116,0,27.90,58143.60
2026-04-30,RL-KPT,RF-4002,514,0,0,0,37.65,19352.10
2026-04-30,RL-KPT,RF-4010,650,0,0,0,21.50,13975.00
2026-04-30,RL-KPT,RF-4011,449,0,0,0,78.85,35403.65
2026-04-30,RL-KPT,RF-4020,2815,234,0,0,1.69,4757.35
2026-04-30,RL-KPT,PT-5001,1030,0,0,0,32.20,33166.00
2026-04-30,RL-KPT,PT-5002,647,0,0,0,23.70,15333.90
2026-04-30,RL-KPT,PT-5010,2809,505,0,0,9.05,25421.45
2026-04-30,RL-KPT,PT-5011,797,66,0,0,13.25,10560.25
2026-04-30,RL-KPT,DW-6001,402,88,0,0,64.10,25768.20
2026-04-30,RL-KPT,DW-6002,155,12,0,0,208.10,32255.50
2026-04-30,RL-KPT,DW-6010,143,0,37,0,224.60,32117.80
2026-04-30,RL-KPT,SX-7001,317,42,230,0,68.05,21571.85
2026-04-30,RL-KPT,SX-7010,1060,254,0,0,10.65,11289.00
2026-04-30,RL-KPT,TL-9001,2705,0,0,0,4.50,12172.50
2026-04-30,RL-KPT,TL-9002,2058,0,0,0,6.40,13171.20
2026-04-30,RL-JCB,RM-1001,3099,766,1191,0,2.86,8863.14
2026-04-30,RL-JCB,RM-1002,1141,282,0,0,4.95,5647.95
2026-04-30,RL-JCB,RM-1003,739,127,293,0,8.25,6096.75
2026-04-30,RL-JCB,RM-1010,722,135,544,0,13.50,9747.00
2026-04-30,RL-JCB,RM-1011,762,0,147,151,17.95,13677.90
2026-04-30,RL-JCB,RM-1020,535,0,0,125,4.05,2166.75
2026-04-30,RL-JCB,RM-1021,286,0,46,0,28.10,8036.60
2026-04-30,RL-JCB,RM-1022,1278,0,0,99,6.45,8243.10
2026-04-30,RL-JCB,FS-2001,502,0,0,0,20.60,10341.20
2026-04-30,RL-JCB,FS-2002,565,0,120,0,23.60,13334.00
2026-04-30,RL-JCB,FS-2010,2673,126,0,0,1.33,3555.09
2026-04-30,RL-JCB,FS-2011,320,0,0,0,34.90,11168.00
2026-04-30,RL-JCB,CM-3001,2847,243,0,0,4.95,14092.65
2026-04-30,RL-JCB,CM-3002,647,0,0,0,3.90,2523.30
2026-04-30,RL-JCB,CM-3010,320,61,131,0,9.30,2976.00
2026-04-30,RL-JCB,CM-3020,386,62,0,0,10.25,3956.50
2026-04-30,RL-JCB,RF-4001,926,0,647,0,27.90,25835.40
2026-04-30,RL-JCB,RF-4002,342,0,141,0,37.65,12876.30
2026-04-30,RL-JCB,RF-4010,297,0,299,0,21.50,6385.50
2026-04-30,RL-JCB,RF-4011,293,61,0,0,78.85,23103.05
2026-04-30,RL-JCB,RF-4020,1270,0,0,0,1.69,2146.30
2026-04-30,RL-JCB,PT-5001,485,60,0,0,32.20,15617.00
2026-04-30,RL-JCB,PT-5002,366,0,217,0,23.70,8674.20
2026-04-30,RL-JCB,PT-5010,1331,0,832,116,9.05,12045.55
2026-04-30,RL-JCB,PT-5011,676,44,81,0,13.25,8957.00
2026-04-30,RL-JCB,DW-6001,213,28,58,0,64.10,13653.30
2026-04-30,RL-JCB,DW-6002,58,0,46,0,208.10,12069.80
2026-04-30,RL-JCB,DW-6010,180,0,0,0,224.60,40428.00
2026-04-30,RL-JCB,SX-7001,188,16,0,0,68.05,12793.40
2026-04-30,RL-JCB,SX-7010,630,0,200,0,10.65,6709.50
2026-04-30,RL-JCB,TL-9001,1607,0,0,0,4.50,7231.50
2026-04-30,RL-JCB,TL-9002,1112,0,0,0,6.40,7116.80
2026-05-31,RL-BRI,RM-1001,6143,1375,0,1060,2.86,17568.98
2026-05-31,RL-BRI,RM-1002,3391,0,450,682,4.95,16785.45
2026-05-31,RL-BRI,RM-1003,1585,189,0,0,8.25,13076.25
2026-05-31,RL-BRI,RM-1010,2790,412,0,0,13.50,37665.00
2026-05-31,RL-BRI,RM-1011,1047,170,0,0,17.95,18793.65
2026-05-31,RL-BRI,RM-1020,1505,82,0,252,4.05,6095.25
2026-05-31,RL-BRI,RM-1021,588,0,0,49,28.10,16522.80
2026-05-31,RL-BRI,RM-1022,1639,0,0,0,6.45,10571.55
2026-05-31,RL-BRI,FS-2001,1668,88,0,0,20.60,34360.80
2026-05-31,RL-BRI,FS-2002,1844,186,0,0,23.60,43518.40
2026-05-31,RL-BRI,FS-2010,5134,1099,1934,0,1.33,6828.22
2026-05-31,RL-BRI,FS-2011,478,0,0,0,34.90,16682.20
2026-05-31,RL-BRI,CM-3001,3114,144,0,555,4.95,15414.30
2026-05-31,RL-BRI,CM-3002,1229,307,0,0,3.90,4793.10
2026-05-31,RL-BRI,CM-3010,909,50,0,0,9.30,8453.70
2026-05-31,RL-BRI,CM-3020,1240,0,0,42,10.25,12710.00
2026-05-31,RL-BRI,RF-4001,2326,421,0,0,27.90,64895.40
2026-05-31,RL-BRI,RF-4002,595,98,0,0,37.65,22401.75
2026-05-31,RL-BRI,RF-4010,771,0,287,0,21.50,16576.50
2026-05-31,RL-BRI,RF-4011,709,0,0,0,78.85,55904.65
2026-05-31,RL-BRI,RF-4020,4014,435,2040,0,1.69,6783.66
2026-05-31,RL-BRI,PT-5001,1911,0,235,0,32.20,61534.20
2026-05-31,RL-BRI,PT-5002,710,137,0,0,23.70,16827.00
2026-05-31,RL-BRI,PT-5010,1988,151,651,0,9.05,17991.40
2026-05-31,RL-BRI,PT-5011,1284,0,324,0,13.25,17013.00
2026-05-31,RL-BRI,DW-6001,317,0,0,0,64.10,20319.70
2026-05-31,RL-BRI,DW-6002,309,0,0,14,208.10,64302.90
2026-05-31,RL-BRI,DW-6010,234,6,0,0,224.60,52556.40
2026-05-31,RL-BRI,SX-7001,512,8,0,110,68.05,34841.60
2026-05-31,RL-BRI,SX-7010,1367,327,0,0,10.65,14558.55
2026-05-31,RL-BRI,TL-9001,3392,0,0,0,4.50,15264.00
2026-05-31,RL-BRI,TL-9002,3169,759,953,0,6.40,20281.60
2026-05-31,RL-KPT,RM-1001,4671,226,1085,0,2.86,13359.06
2026-05-31,RL-KPT,RM-1002,2113,0,0,0,4.95,10459.35
2026-05-31,RL-KPT,RM-1003,1271,0,0,0,8.25,10485.75
2026-05-31,RL-KPT,RM-1010,1790,0,0,0,13.50,24165.00
2026-05-31,RL-KPT,RM-1011,1707,324,0,0,17.95,30640.65
2026-05-31,RL-KPT,RM-1020,942,0,0,178,4.05,3815.10
2026-05-31,RL-KPT,RM-1021,247,0,98,0,28.10,6940.70
2026-05-31,RL-KPT,RM-1022,940,0,0,0,6.45,6063.00
2026-05-31,RL-KPT,FS-2001,794,0,174,0,20.60,16356.40
2026-05-31,RL-KPT,FS-2002,1871,464,0,0,23.60,44155.60
2026-05-31,RL-KPT,FS-2010,6540,1510,0,304,1.33,8698.20
2026-05-31,RL-KPT,FS-2011,392,0,0,0,34.90,13680.80
2026-05-31,RL-KPT,CM-3001,2962,124,0,0,4.95,14661.90
2026-05-31,RL-KPT,CM-3002,1950,484,0,0,3.90,7605.00
2026-05-31,RL-KPT,CM-3010,367,0,220,83,9.30,3413.10
2026-05-31,RL-KPT,CM-3020,1144,0,0,122,10.25,11726.00
2026-05-31,RL-KPT,RF-4001,3465,0,0,0,27.90,96673.50
2026-05-31,RL-KPT,RF-4002,692,8,267,0,37.65,26053.80
2026-05-31,RL-KPT,RF-4010,647,73,0,117,21.50,13910.50
2026-05-31,RL-KPT,RF-4011,482,91,0,0,78.85,38005.70
2026-05-31,RL-KPT,RF-4020,2994,0,0,275,1.69,5059.86
2026-05-31,RL-KPT,PT-5001,810,35,0,0,32.20,26082.00
2026-05-31,RL-KPT,PT-5002,410,8,0,0,23.70,9717.00
2026-05-31,RL-KPT,PT-5010,2959,528,0,0,9.05,26778.95
2026-05-31,RL-KPT,PT-5011,753,0,0,0,13.25,9977.25
2026-05-31,RL-KPT,DW-6001,388,44,0,0,64.10,24870.80
2026-05-31,RL-KPT,DW-6002,184,21,81,0,208.10,38290.40
2026-05-31,RL-KPT,DW-6010,166,0,0,0,224.60,37283.60
2026-05-31,RL-KPT,SX-7001,611,45,0,0,68.05,41578.55
2026-05-31,RL-KPT,SX-7010,827,0,0,39,10.65,8807.55
2026-05-31,RL-KPT,TL-9001,2903,0,0,0,4.50,13063.50
2026-05-31,RL-KPT,TL-9002,1487,0,0,0,6.40,9516.80
2026-05-31,RL-JCB,RM-1001,1887,413,0,0,2.86,5396.82
2026-05-31,RL-JCB,RM-1002,1175,0,0,230,4.95,5816.25
2026-05-31,RL-JCB,RM-1003,495,0,181,0,8.25,4083.75
2026-05-31,RL-JCB,RM-1010,1926,236,0,234,13.50,26001.00
2026-05-31,RL-JCB,RM-1011,1113,41,0,0,17.95,19978.35
2026-05-31,RL-JCB,RM-1020,830,158,0,0,4.05,3361.50
2026-05-31,RL-JCB,RM-1021,352,3,27,0,28.10,9891.20
2026-05-31,RL-JCB,RM-1022,638,0,291,0,6.45,4115.10
2026-05-31,RL-JCB,FS-2001,1130,0,167,0,20.60,23278.00
2026-05-31,RL-JCB,FS-2002,621,0,0,0,23.60,14655.60
2026-05-31,RL-JCB,FS-2010,4452,0,0,0,1.33,5921.16
2026-05-31,RL-JCB,FS-2011,383,64,0,0,34.90,13366.70
2026-05-31,RL-JCB,CM-3001,1789,71,0,304,4.95,8855.55
2026-05-31,RL-JCB,CM-3002,1063,139,0,168,3.90,4145.70
2026-05-31,RL-JCB,CM-3010,344,0,121,41,9.30,3199.20
2026-05-31,RL-JCB,CM-3020,335,0,135,0,10.25,3433.75
2026-05-31,RL-JCB,RF-4001,1506,136,0,0,27.90,42017.40
2026-05-31,RL-JCB,RF-4002,356,0,67,0,37.65,13403.40
2026-05-31,RL-JCB,RF-4010,438,72,292,0,21.50,9417.00
2026-05-31,RL-JCB,RF-4011,259,46,0,16,78.85,20422.15
2026-05-31,RL-JCB,RF-4020,2148,0,0,0,1.69,3630.12
2026-05-31,RL-JCB,PT-5001,1081,169,0,0,32.20,34808.20
2026-05-31,RL-JCB,PT-5002,680,11,59,43,23.70,16116.00
2026-05-31,RL-JCB,PT-5010,2399,333,0,237,9.05,21710.95
2026-05-31,RL-JCB,PT-5011,417,0,301,0,13.25,5525.25
2026-05-31,RL-JCB,DW-6001,369,0,124,0,64.10,23652.90
2026-05-31,RL-JCB,DW-6002,70,3,51,0,208.10,14567.00
2026-05-31,RL-JCB,DW-6010,119,17,0,0,224.60,26727.40
2026-05-31,RL-JCB,SX-7001,313,19,0,0,68.05,21299.65
2026-05-31,RL-JCB,SX-7010,857,0,0,0,10.65,9127.05
2026-05-31,RL-JCB,TL-9001,1437,0,914,0,4.50,6466.50
2026-05-31,RL-JCB,TL-9002,975,0,327,0,6.40,6240.00
2026-06-30,RL-BRI,RM-1001,7548,0,1793,0,2.86,21587.28
2026-06-30,RL-BRI,RM-1002,4429,756,2153,0,4.95,21923.55
2026-06-30,RL-BRI,RM-1003,850,80,0,0,8.25,7012.50
2026-06-30,RL-BRI,RM-1010,2251,0,0,0,13.50,30388.50
2026-06-30,RL-BRI,RM-1011,2466,0,0,0,17.95,44264.70
2026-06-30,RL-BRI,RM-1020,1469,0,805,0,4.05,5949.45
2026-06-30,RL-BRI,RM-1021,657,137,198,64,28.10,18461.70
2026-06-30,RL-BRI,RM-1022,1273,0,1175,0,6.45,8210.85
2026-06-30,RL-BRI,FS-2001,2070,429,418,0,20.60,42642.00
2026-06-30,RL-BRI,FS-2002,1687,60,269,0,23.60,39813.20
2026-06-30,RL-BRI,FS-2010,6809,0,0,0,1.33,9055.97
2026-06-30,RL-BRI,FS-2011,548,81,0,0,34.90,19125.20
2026-06-30,RL-BRI,CM-3001,3098,250,2218,0,4.95,15335.10
2026-06-30,RL-BRI,CM-3002,2340,0,0,0,3.90,9126.00
2026-06-30,RL-BRI,CM-3010,811,0,232,0,9.30,7542.30
2026-06-30,RL-BRI,CM-3020,1132,156,0,0,10.25,11603.00
2026-06-30,RL-BRI,RF-4001,1816,372,0,127,27.90,50666.40
2026-06-30,RL-BRI,RF-4002,929,30,0,0,37.65,34976.85
2026-06-30,RL-BRI,RF-4010,845,100,0,0,21.50,18167.50
2026-06-30,RL-BRI,RF-4011,443,0,250,0,78.85,34930.55
2026-06-30,RL-BRI,RF-4020,2390,0,1228,0,1.69,4039.10
2026-06-30,RL-BRI,PT-5001,1067,83,255,0,32.20,34357.40
2026-06-30,RL-BRI,PT-5002,1156,156,269,0,23.70,27397.20
2026-06-30,RL-BRI,PT-5010,4547,0,0,0,9.05,41150.35
2026-06-30,RL-BRI,PT-5011,705,0,0,0,13.25,9341.25
2026-06-30,RL-BRI,DW-6001,501,57,150,91,64.10,32114.10
2026-06-30,RL-BRI,DW-6002,262,0,78,0,208.10,54522.20
2026-06-30,RL-BRI,DW-6010,340,0,0,0,224.60,76364.00
2026-06-30,RL-BRI,SX-7001,549,54,0,0,68.05,37359.45
2026-06-30,RL-BRI,SX-7010,1070,0,296,0,10.65,11395.50
2026-06-30,RL-BRI,TL-9001,1826,88,0,0,4.50,8217.00
2026-06-30,RL-BRI,TL-9002,1656,366,1194,106,6.40,10598.40
2026-06-30,RL-KPT,RM-1001,4382,816,837,0,2.86,12532.52
2026-06-30,RL-KPT,RM-1002,3908,799,0,0,4.95,19344.60
2026-06-30,RL-KPT,RM-1003,1219,258,0,0,8.25,10056.75
2026-06-30,RL-KPT,RM-1010,2876,0,0,0,13.50,38826.00
2026-06-30,RL-KPT,RM-1011,1074,0,328,0,17.95,19278.30
2026-06-30,RL-KPT,RM-1020,1332,0,0,0,4.05,5394.60
2026-06-30,RL-KPT,RM-1021,259,0,0,0,28.10,7277.90
2026-06-30,RL-KPT,RM-1022,1661,88,0,0,6.45,10713.45
2026-06-30,RL-KPT,FS-2001,812,75,0,204,20.60,16727.20
2026-06-30,RL-KPT,FS-2002,1412,0,0,99,23.60,33323.20
2026-06-30,RL-KPT,FS-2010,5328,0,0,0,1.33,7086.24
2026-06-30,RL-KPT,FS-2011,289,0,0,0,34.90,10086.10
2026-06-30,RL-KPT,CM-3001,3363,0,0,0,4.95,16646.85
2026-06-30,RL-KPT,CM-3002,1869,0,0,0,3.90,7289.10
2026-06-30,RL-KPT,CM-3010,685,0,0,0,9.30,6370.50
2026-06-30,RL-KPT,CM-3020,1053,0,299,133,10.25,10793.25
2026-06-30,RL-KPT,RF-4001,2676,0,0,296,27.90,74660.40
2026-06-30,RL-KPT,RF-4002,448,0,0,0,37.65,16867.20
2026-06-30,RL-KPT,RF-4010,1056,0,0,0,21.50,22704.00
2026-06-30,RL-KPT,RF-4011,265,0,0,0,78.85,20895.25
2026-06-30,RL-KPT,RF-4020,4188,0,0,0,1.69,7077.72
2026-06-30,RL-KPT,PT-5001,1729,269,448,160,32.20,55673.80
2026-06-30,RL-KPT,PT-5002,665,148,0,40,23.70,15760.50
2026-06-30,RL-KPT,PT-5010,2745,0,1022,0,9.05,24842.25
2026-06-30,RL-KPT,PT-5011,876,0,0,0,13.25,11607.00
2026-06-30,RL-KPT,DW-6001,381,0,0,61,64.10,24422.10
2026-06-30,RL-KPT,DW-6002,133,11,0,0,208.10,27677.30
2026-06-30,RL-KPT,DW-6010,300,0,0,0,224.60,67380.00
2026-06-30,RL-KPT,SX-7001,274,0,0,0,68.05,18645.70
2026-06-30,RL-KPT,SX-7010,1723,0,582,161,10.65,18349.95
2026-06-30,RL-KPT,TL-9001,2643,417,0,0,4.50,11893.50
2026-06-30,RL-KPT,TL-9002,1812,0,862,0,6.40,11596.80
2026-06-30,RL-JCB,RM-1001,4179,0,878,0,2.86,11951.94
2026-06-30,RL-JCB,RM-1002,1357,0,0,0,4.95,6717.15
2026-06-30,RL-JCB,RM-1003,565,0,0,0,8.25,4661.25
2026-06-30,RL-JCB,RM-1010,1211,0,0,0,13.50,16348.50
2026-06-30,RL-JCB,RM-1011,673,0,414,0,17.95,12080.35
2026-06-30,RL-JCB,RM-1020,839,0,449,147,4.05,3397.95
2026-06-30,RL-JCB,RM-1021,225,5,100,0,28.10,6322.50
2026-06-30,RL-JCB,RM-1022,1543,365,148,0,6.45,9952.35
2026-06-30,RL-JCB,FS-2001,558,0,418,83,20.60,11494.80
2026-06-30,RL-JCB,FS-2002,721,0,392,0,23.60,17015.60
2026-06-30,RL-JCB,FS-2010,3355,612,856,389,1.33,4462.15
2026-06-30,RL-JCB,FS-2011,260,11,0,0,34.90,9074.00
2026-06-30,RL-JCB,CM-3001,1539,332,0,0,4.95,7618.05
2026-06-30,RL-JCB,CM-3002,913,0,558,0,3.90,3560.70
2026-06-30,RL-JCB,CM-3010,579,0,0,0,9.30,5384.70
2026-06-30,RL-JCB,CM-3020,660,0,297,114,10.25,6765.00
2026-06-30,RL-JCB,RF-4001,2124,515,583,78,27.90,59259.60
2026-06-30,RL-JCB,RF-4002,569,132,221,0,37.65,21422.85
2026-06-30,RL-JCB,RF-4010,591,0,0,0,21.50,12706.50
2026-06-30,RL-JCB,RF-4011,445,0,0,15,78.85,35088.25
2026-06-30,RL-JCB,RF-4020,2166,228,0,0,1.69,3660.54
2026-06-30,RL-JCB,PT-5001,738,101,0,0,32.20,23763.60
2026-06-30,RL-JCB,PT-5002,362,81,0,0,23.70,8579.40
2026-06-30,RL-JCB,PT-5010,2067,0,723,326,9.05,18706.35
2026-06-30,RL-JCB,PT-5011,452,92,0,0,13.25,5989.00
2026-06-30,RL-JCB,DW-6001,161,27,0,0,64.10,10320.10
2026-06-30,RL-JCB,DW-6002,126,0,0,0,208.10,26220.60
2026-06-30,RL-JCB,DW-6010,152,0,0,25,224.60,34139.20
2026-06-30,RL-JCB,SX-7001,401,0,0,0,68.05,27288.05
2026-06-30,RL-JCB,SX-7010,1324,64,0,0,10.65,14100.60
2026-06-30,RL-JCB,TL-9001,1263,0,0,0,4.50,5683.50
2026-06-30,RL-JCB,TL-9002,1526,0,384,0,6.40,9766.40
2026-07-31,RL-BRI,RM-1001,7578,0,0,0,2.86,21673.08
2026-07-31,RL-BRI,RM-1002,2464,0,393,0,4.95,12196.80
2026-07-31,RL-BRI,RM-1003,1732,0,676,0,8.25,14289.00
2026-07-31,RL-BRI,RM-1010,3102,528,0,0,13.50,41877.00
2026-07-31,RL-BRI,RM-1011,1945,456,484,0,17.95,34912.75
2026-07-31,RL-BRI,RM-1020,867,0,127,0,4.05,3511.35
2026-07-31,RL-BRI,RM-1021,259,0,171,0,28.10,7277.90
2026-07-31,RL-BRI,RM-1022,1363,0,0,0,6.45,8791.35
2026-07-31,RL-BRI,FS-2001,844,209,0,0,20.60,17386.40
2026-07-31,RL-BRI,FS-2002,1574,29,0,0,23.60,37146.40
2026-07-31,RL-BRI,FS-2010,3706,0,1790,0,1.33,4928.98
2026-07-31,RL-BRI,FS-2011,500,74,0,0,34.90,17450.00
2026-07-31,RL-BRI,CM-3001,3626,0,1412,183,4.95,17948.70
2026-07-31,RL-BRI,CM-3002,2440,202,703,0,3.90,9516.00
2026-07-31,RL-BRI,CM-3010,858,0,0,0,9.30,7979.40
2026-07-31,RL-BRI,CM-3020,1229,0,168,0,10.25,12597.25
2026-07-31,RL-BRI,RF-4001,2606,0,0,0,27.90,72707.40
2026-07-31,RL-BRI,RF-4002,775,88,0,0,37.65,29178.75
2026-07-31,RL-BRI,RF-4010,1317,0,0,0,21.50,28315.50
2026-07-31,RL-BRI,RF-4011,444,99,0,0,78.85,35009.40
2026-07-31,RL-BRI,RF-4020,2938,0,0,522,1.69,4965.22
2026-07-31,RL-BRI,PT-5001,1180,0,0,194,32.20,37996.00
2026-07-31,RL-BRI,PT-5002,1226,163,145,0,23.70,29056.20
2026-07-31,RL-BRI,PT-5010,4426,0,0,530,9.05,40055.30
2026-07-31,RL-BRI,PT-5011,781,0,0,0,13.25,10348.25
2026-07-31,RL-BRI,DW-6001,584,0,0,61,64.10,37434.40
2026-07-31,RL-BRI,DW-6002,239,0,89,0,208.10,49735.90
2026-07-31,RL-BRI,DW-6010,294,0,0,0,224.60,66032.40
2026-07-31,RL-BRI,SX-7001,722,82,254,106,68.05,49132.10
2026-07-31,RL-BRI,SX-7010,1192,0,0,0,10.65,12694.80
2026-07-31,RL-BRI,TL-9001,2150,0,0,0,4.50,9675.00
2026-07-31,RL-BRI,TL-9002,1406,0,0,0,6.40,8998.40
2026-07-31,RL-KPT,RM-1001,3228,0,0,0,2.86,9232.08
2026-07-31,RL-KPT,RM-1002,3484,0,0,0,4.95,17245.80
2026-07-31,RL-KPT,RM-1003,1485,0,0,0,8.25,12251.25
2026-07-31,RL-KPT,RM-1010,1222,80,0,0,13.50,16497.00
2026-07-31,RL-KPT,RM-1011,873,0,0,0,17.95,15670.35
2026-07-31,RL-KPT,RM-1020,678,0,551,179,4.05,2745.90
2026-07-31,RL-KPT,RM-1021,235,0,125,0,28.10,6603.50
2026-07-31,RL-KPT,RM-1022,943,0,0,216,6.45,6082.35
2026-07-31,RL-KPT,FS-2001,1011,163,0,0,20.60,20826.60
2026-07-31,RL-KPT,FS-2002,1834,0,329,0,23.60,43282.40
2026-07-31,RL-KPT,FS-2010,5370,0,885,0,1.33,7142.10
2026-07-31,RL-KPT,FS-2011,224,0,0,0,34.90,7817.60
2026-07-31,RL-KPT,CM-3001,4057,488,0,323,4.95,20082.15
2026-07-31,RL-KPT,CM-3002,1597,0,156,0,3.90,6228.30
2026-07-31,RL-KPT,CM-3010,409,33,0,0,9.30,3803.70
2026-07-31,RL-KPT,CM-3020,658,120,415,0,10.25,6744.50
2026-07-31,RL-KPT,RF-4001,2249,0,0,0,27.90,62747.10
2026-07-31,RL-KPT,RF-4002,476,0,289,0,37.65,17921.40
2026-07-31,RL-KPT,RF-4010,1013,0,0,143,21.50,21779.50
2026-07-31,RL-KPT,RF-4011,487,43,0,0,78.85,38399.95
2026-07-31,RL-KPT,RF-4020,4342,642,0,454,1.69,7337.98
2026-07-31,RL-KPT,PT-5001,737,50,570,0,32.20,23731.40
2026-07-31,RL-KPT,PT-5002,850,35,166,0,23.70,20145.00
2026-07-31,RL-KPT,PT-5010,3084,45,1138,0,9.05,27910.20
2026-07-31,RL-KPT,PT-5011,894,99,126,0,13.25,11845.50
2026-07-31,RL-KPT,DW-6001,293,54,0,0,64.10,18781.30
2026-07-31,RL-KPT,DW-6002,131,0,0,0,208.10,27261.10
2026-07-31,RL-KPT,DW-6010,159,0,0,8,224.60,35711.40
2026-07-31,RL-KPT,SX-7001,637,0,0,0,68.05,43347.85
2026-07-31,RL-KPT,SX-7010,1193,41,0,0,10.65,12705.45
2026-07-31,RL-KPT,TL-9001,1317,0,479,0,4.50,5926.50
2026-07-31,RL-KPT,TL-9002,1189,0,831,0,6.40,7609.60
2026-07-31,RL-JCB,RM-1001,4031,0,0,63,2.86,11528.66
2026-07-31,RL-JCB,RM-1002,1647,84,0,0,4.95,8152.65
2026-07-31,RL-JCB,RM-1003,546,41,0,0,8.25,4504.50
2026-07-31,RL-JCB,RM-1010,1264,0,0,0,13.50,17064.00
2026-07-31,RL-JCB,RM-1011,902,0,0,0,17.95,16190.90
2026-07-31,RL-JCB,RM-1020,675,0,0,0,4.05,2733.75
2026-07-31,RL-JCB,RM-1021,263,0,81,0,28.10,7390.30
2026-07-31,RL-JCB,RM-1022,758,40,0,0,6.45,4889.10
2026-07-31,RL-JCB,FS-2001,1082,147,0,0,20.60,22289.20
2026-07-31,RL-JCB,FS-2002,677,34,482,69,23.60,15977.20
2026-07-31,RL-JCB,FS-2010,2100,4,732,0,1.33,2793.00
2026-07-31,RL-JCB,FS-2011,173,0,0,12,34.90,6037.70
2026-07-31,RL-JCB,CM-3001,2077,0,682,0,4.95,10281.15
2026-07-31,RL-JCB,CM-3002,1349,108,0,0,3.90,5261.10
2026-07-31,RL-JCB,CM-3010,459,43,0,0,9.30,4268.70
2026-07-31,RL-JCB,CM-3020,481,0,0,0,10.25,4930.25
2026-07-31,RL-JCB,RF-4001,1953,439,0,0,27.90,54488.70
2026-07-31,RL-JCB,RF-4002,338,0,117,38,37.65,12725.70
2026-07-31,RL-JCB,RF-4010,335,0,271,0,21.50,7202.50
2026-07-31,RL-JCB,RF-4011,392,0,0,0,78.85,30909.20
2026-07-31,RL-JCB,RF-4020,3138,135,0,0,1.69,5303.22
2026-07-31,RL-JCB,PT-5001,908,0,0,0,32.20,29237.60
2026-07-31,RL-JCB,PT-5002,570,0,0,0,23.70,13509.00
2026-07-31,RL-JCB,PT-5010,1986,273,314,0,9.05,17973.30
2026-07-31,RL-JCB,PT-5011,612,88,0,0,13.25,8109.00
2026-07-31,RL-JCB,DW-6001,266,28,0,0,64.10,17050.60
2026-07-31,RL-JCB,DW-6002,137,0,55,0,208.10,28509.70
2026-07-31,RL-JCB,DW-6010,198,0,31,0,224.60,44470.80
2026-07-31,RL-JCB,SX-7001,412,0,0,0,68.05,28036.60
2026-07-31,RL-JCB,SX-7010,891,0,0,0,10.65,9489.15
2026-07-31,RL-JCB,TL-9001,1189,21,365,0,4.50,5350.50
2026-07-31,RL-JCB,TL-9002,1126,0,0,123,6.40,7206.40
2026-08-31,RL-BRI,RM-1001,7045,1021,0,0,2.86,20148.70
2026-08-31,RL-BRI,RM-1002,2455,499,0,512,4.95,12152.25
2026-08-31,RL-BRI,RM-1003,1166,0,0,0,8.25,9619.50
2026-08-31,RL-BRI,RM-1010,1647,0,869,0,13.50,22234.50
2026-08-31,RL-BRI,RM-1011,2117,0,0,0,17.95,38000.15
2026-08-31,RL-BRI,RM-1020,1257,66,0,0,4.05,5090.85
2026-08-31,RL-BRI,RM-1021,341,0,158,0,28.10,9582.10
2026-08-31,RL-BRI,RM-1022,1083,0,0,0,6.45,6985.35
2026-08-31,RL-BRI,FS-2001,1756,122,770,0,20.60,36173.60
2026-08-31,RL-BRI,FS-2002,2043,0,0,49,23.60,48214.80
2026-08-31,RL-BRI,FS-2010,7372,387,0,0,1.33,9804.76
2026-08-31,RL-BRI,FS-2011,566,21,0,0,34.90,19753.40
2026-08-31,RL-BRI,CM-3001,4311,0,388,0,4.95,21339.45
2026-08-31,RL-BRI,CM-3002,1607,0,0,0,3.90,6267.30
2026-08-31,RL-BRI,CM-3010,755,1,0,0,9.30,7021.50
2026-08-31,RL-BRI,CM-3020,700,0,545,27,10.25,7175.00
2026-08-31,RL-BRI,RF-4001,1902,99,1217,0,27.90,53065.80
2026-08-31,RL-BRI,RF-4002,602,99,246,0,37.65,22665.30
2026-08-31,RL-BRI,RF-4010,581,58,174,137,21.50,12491.50
2026-08-31,RL-BRI,RF-4011,445,0,0,0,78.85,35088.25
2026-08-31,RL-BRI,RF-4020,4653,0,1505,0,1.69,7863.57
2026-08-31,RL-BRI,PT-5001,780,0,0,0,32.20,25116.00
2026-08-31,RL-BRI,PT-5002,807,0,0,0,23.70,19125.90
2026-08-31,RL-BRI,PT-5010,3775,0,1378,0,9.05,34163.75
2026-08-31,RL-BRI,PT-5011,541,107,0,0,13.25,7168.25
2026-08-31,RL-BRI,DW-6001,281,1,0,0,64.10,18012.10
2026-08-31,RL-BRI,DW-6002,127,4,0,0,208.10,26428.70
2026-08-31,RL-BRI,DW-6010,278,67,0,0,224.60,62438.80
2026-08-31,RL-BRI,SX-7001,327,0,0,0,68.05,22252.35
2026-08-31,RL-BRI,SX-7010,1149,0,0,221,10.65,12236.85
2026-08-31,RL-BRI,TL-9001,2784,68,0,190,4.50,12528.00
2026-08-31,RL-BRI,TL-9002,1797,147,478,0,6.40,11500.80
2026-08-31,RL-KPT,RM-1001,2835,667,0,0,2.86,8108.10
2026-08-31,RL-KPT,RM-1002,1354,0,0,0,4.95,6702.30
2026-08-31,RL-KPT,RM-1003,843,49,0,121,8.25,6954.75
2026-08-31,RL-KPT,RM-1010,1052,0,0,0,13.50,14202.00
2026-08-31,RL-KPT,RM-1011,1506,86,265,0,17.95,27032.70
2026-08-31,RL-KPT,RM-1020,1216,79,0,0,4.05,4924.80
2026-08-31,RL-KPT,RM-1021,340,0,129,0,28.10,9554.00
2026-08-31,RL-KPT,RM-1022,1052,162,0,0,6.45,6785.40
2026-08-31,RL-KPT,FS-2001,1051,0,0,0,20.60,21650.60
2026-08-31,RL-KPT,FS-2002,1619,26,0,0,23.60,38208.40
2026-08-31,RL-KPT,FS-2010,6166,655,918,0,1.33,8200.78
2026-08-31,RL-KPT,FS-2011,201,0,98,37,34.90,7014.90
2026-08-31,RL-KPT,CM-3001,3331,0,0,64,4.95,16488.45
2026-08-31,RL-KPT,CM-3002,1700,0,0,110,3.90,6630.00
2026-08-31,RL-KPT,CM-3010,638,26,0,0,9.30,5933.40
2026-08-31,RL-KPT,CM-3020,729,0,0,0,10.25,7472.25
2026-08-31,RL-KPT,RF-4001,1421,256,0,0,27.90,39645.90
2026-08-31,RL-KPT,RF-4002,453,5,0,0,37.65,17055.45
2026-08-31,RL-KPT,RF-4010,678,14,367,0,21.50,14577.00
2026-08-31,RL-KPT,RF-4011,362,27,0,50,78.85,28543.70
2026-08-31,RL-KPT,RF-4020,1574,0,1004,0,1.69,2660.06
2026-08-31,RL-KPT,PT-5001,888,95,115,21,32.20,28593.60
2026-08-31,RL-KPT,PT-5002,422,0,0,0,23.70,10001.40
2026-08-31,RL-KPT,PT-5010,1999,0,0,0,9.05,18090.95
2026-08-31,RL-KPT,PT-5011,498,49,0,79,13.25,6598.50
2026-08-31,RL-KPT,DW-6001,324,0,0,0,64.10,20768.40
2026-08-31,RL-KPT,DW-6002,80,0,0,0,208.10,16648.00
2026-08-31,RL-KPT,DW-6010,145,21,0,0,224.60,32567.00
2026-08-31,RL-KPT,SX-7001,239,0,0,26,68.05,16263.95
2026-08-31,RL-KPT,SX-7010,650,0,0,0,10.65,6922.50
2026-08-31,RL-KPT,TL-9001,2952,528,0,0,4.50,13284.00
2026-08-31,RL-KPT,TL-9002,1626,1,847,228,6.40,10406.40
2026-08-31,RL-JCB,RM-1001,1633,0,0,0,2.86,4670.38
2026-08-31,RL-JCB,RM-1002,1440,0,0,0,4.95,7128.00
2026-08-31,RL-JCB,RM-1003,640,0,0,0,8.25,5280.00
2026-08-31,RL-JCB,RM-1010,1478,218,0,0,13.50,19953.00
2026-08-31,RL-JCB,RM-1011,737,0,246,0,17.95,13229.15
2026-08-31,RL-JCB,RM-1020,409,29,216,0,4.05,1656.45
2026-08-31,RL-JCB,RM-1021,160,13,97,0,28.10,4496.00
2026-08-31,RL-JCB,RM-1022,1162,0,0,0,6.45,7494.90
2026-08-31,RL-JCB,FS-2001,1129,4,0,0,20.60,23257.40
2026-08-31,RL-JCB,FS-2002,600,148,0,88,23.60,14160.00
2026-08-31,RL-JCB,FS-2010,3138,0,0,109,1.33,4173.54
2026-08-31,RL-JCB,FS-2011,136,23,114,0,34.90,4746.40
2026-08-31,RL-JCB,CM-3001,1221,0,0,0,4.95,6043.95
2026-08-31,RL-JCB,CM-3002,1152,197,0,0,3.90,4492.80
2026-08-31,RL-JCB,CM-3010,409,0,0,0,9.30,3803.70
2026-08-31,RL-JCB,CM-3020,354,86,0,0,10.25,3628.50
2026-08-31,RL-JCB,RF-4001,1600,0,0,0,27.90,44640.00
2026-08-31,RL-JCB,RF-4002,346,0,0,0,37.65,13026.90
2026-08-31,RL-JCB,RF-4010,720,0,85,0,21.50,15480.00
2026-08-31,RL-JCB,RF-4011,246,0,90,0,78.85,19397.10
2026-08-31,RL-JCB,RF-4020,2198,279,0,103,1.69,3714.62
2026-08-31,RL-JCB,PT-5001,969,11,0,0,32.20,31201.80
2026-08-31,RL-JCB,PT-5002,268,0,0,0,23.70,6351.60
2026-08-31,RL-JCB,PT-5010,992,0,666,76,9.05,8977.60
2026-08-31,RL-JCB,PT-5011,644,0,0,0,13.25,8533.00
2026-08-31,RL-JCB,DW-6001,253,57,105,0,64.10,16217.30
2026-08-31,RL-JCB,DW-6002,145,0,0,0,208.10,30174.50
2026-08-31,RL-JCB,DW-6010,75,7,0,0,224.60,16845.00
2026-08-31,RL-JCB,SX-7001,382,0,0,0,68.05,25995.10
2026-08-31,RL-JCB,SX-7010,496,0,0,60,10.65,5282.40
2026-08-31,RL-JCB,TL-9001,2097,0,0,0,4.50,9436.50
2026-08-31,RL-JCB,TL-9002,943,219,0,0,6.40,6035.20
